Datetime,Adj Close,Close,High,Low,Open,Volume
2022-08-18 23:30:00+02:00,0.9567000269889832,0.9567000269889832,0.956820011138916,0.9557200074195862,0.9561399817466736,0.0
2022-08-19 01:00:00+02:00,0.9575799703598022,0.9575799703598022,0.9577999711036682,0.9560999870300292,0.9567300081253052,0.0
2022-08-19 02:30:00+02:00,0.9578800201416016,0.9578800201416016,0.9585800170898438,0.9567000269889832,0.9575700163841248,0.0
2022-08-19 04:00:00+02:00,0.9580100178718568,0.9580100178718568,0.9580600261688232,0.9564999938011168,0.957930028438568,0.0
2022-08-19 05:30:00+02:00,0.9585999846458436,0.9585999846458436,0.9592599868774414,0.9573000073432922,0.9580399990081788,0.0
2022-08-19 07:00:00+02:00,0.957509994506836,0.957509994506836,0.9592000246047974,0.957099974155426,0.9588900208473206,0.0
2022-08-19 08:30:00+02:00,0.956659972667694,0.956659972667694,0.9589200019836426,0.9563999772071838,0.9574999809265136,0.0
2022-08-19 10:00:00+02:00,0.9567000269889832,0.9567000269889832,0.9583500027656556,0.9562000036239624,0.9566699862480164,0.0
2022-08-19 11:30:00+02:00,0.9566500186920166,0.9566500186920166,0.9570599794387816,0.954800009727478,0.9566900134086608,0.0
2022-08-19 13:00:00+02:00,0.957040011882782,0.957040011882782,0.9574599862098694,0.9553999900817872,0.9566900134086608,0.0
2022-08-19 14:30:00+02:00,0.9580199718475342,0.9580199718475342,0.9582499861717224,0.9556000232696532,0.9570900201797484,0.0
2022-08-19 16:00:00+02:00,0.958840012550354,0.958840012550354,0.95974999666214,0.9574999809265136,0.9580699801445008,0.0
2022-08-19 17:30:00+02:00,0.9592999815940856,0.9592999815940856,0.9598399996757508,0.9580000042915344,0.9588599801063538,0.0
2022-08-19 19:00:00+02:00,0.9585599899291992,0.9585599899291992,0.9593799710273744,0.9578999876976012,0.95933997631073,0.0
2022-08-19 20:30:00+02:00,0.9585400223731996,0.9585400223731996,0.9593300223350524,0.9580000042915344,0.9585099816322328,0.0
2022-08-19 22:00:00+02:00,0.9586399793624878,0.9586399793624878,0.9592199921607972,0.957930028438568,0.9585400223731996,0.0
2022-08-22 01:00:00+02:00,0.9596999883651732,0.9596999883651732,0.9598000049591064,0.9580000042915344,0.9587799906730652,0.0
2022-08-22 02:30:00+02:00,0.9593700170516968,0.9593700170516968,0.9598600268363952,0.9585000276565552,0.9596999883651732,0.0
2022-08-22 04:00:00+02:00,0.958869993686676,0.958869993686676,0.9597700238227844,0.9577999711036682,0.9593899846076964,0.0
2022-08-22 05:30:00+02:00,0.9589599967002868,0.9589599967002868,0.9592300057411194,0.9580000042915344,0.958869993686676,0.0
2022-08-22 07:00:00+02:00,0.959720015525818,0.959720015525818,0.9603999853134156,0.9580000042915344,0.9589700102806092,0.0
2022-08-22 08:30:00+02:00,0.9597100019454956,0.9597100019454956,0.9602500200271606,0.9580000042915344,0.9596899747848512,0.0
2022-08-22 10:00:00+02:00,0.959909975528717,0.959909975528717,0.9605200290679932,0.9574999809265136,0.9596899747848512,0.0
2022-08-22 11:30:00+02:00,0.9588599801063538,0.9588599801063538,0.960099995136261,0.9578999876976012,0.959980010986328,0.0
2022-08-22 13:00:00+02:00,0.9575300216674804,0.9575300216674804,0.9589200019836426,0.9567999839782716,0.9588099718093872,0.0
2022-08-22 14:30:00+02:00,0.9603599905967712,0.9603599905967712,0.9604099988937378,0.9569000005722046,0.9574999809265136,0.0
2022-08-22 16:00:00+02:00,0.9658300280570984,0.9658300280570984,0.9658600091934204,0.9592000246047974,0.9603700041770936,0.0
2022-08-22 17:30:00+02:00,0.9642000198364258,0.9642000198364258,0.9658700227737428,0.9628000259399414,0.9658600091934204,0.0
2022-08-22 19:00:00+02:00,0.9647200107574464,0.9647200107574464,0.964900016784668,0.9634000062942504,0.9643200039863586,0.0
2022-08-22 20:30:00+02:00,0.9640300273895264,0.9640300273895264,0.9650400280952454,0.963800013065338,0.964709997177124,0.0
2022-08-22 22:00:00+02:00,0.9629600048065186,0.9629600048065186,0.9646999835968018,0.9627000093460084,0.964049994945526,0.0
2022-08-22 23:30:00+02:00,0.963699996471405,0.963699996471405,0.964169979095459,0.96288001537323,0.9633399844169616,0.0
2022-08-23 01:00:00+02:00,0.9644700288772584,0.9644700288772584,0.9654499888420104,0.963599979877472,0.963949978351593,0.0
2022-08-23 02:30:00+02:00,0.9636600017547609,0.9636600017547609,0.9645299911499025,0.9628999829292296,0.9644700288772584,0.0
2022-08-23 04:00:00+02:00,0.9635800123214722,0.9635800123214722,0.9642099738121032,0.9628999829292296,0.963670015335083,0.0
2022-08-23 05:30:00+02:00,0.9642000198364258,0.9642000198364258,0.9643599987030028,0.9628999829292296,0.9635599851608276,0.0
2022-08-23 07:00:00+02:00,0.9649699926376344,0.9649699926376344,0.9654499888420104,0.9635000228881836,0.9643499851226808,0.0
2022-08-23 08:30:00+02:00,0.9651600122451782,0.9651600122451782,0.96561998128891,0.9631999731063844,0.964959979057312,0.0
2022-08-23 10:00:00+02:00,0.9666100144386292,0.9666100144386292,0.9668800234794616,0.9641000032424928,0.9651700258255004,0.0
2022-08-23 11:30:00+02:00,0.9666600227355956,0.9666600227355956,0.9677000045776368,0.9652000069618224,0.9666799902915956,0.0
2022-08-23 13:00:00+02:00,0.9684100151062012,0.9684100151062012,0.9686800241470336,0.9652000069618224,0.9667099714279176,0.0
2022-08-23 14:30:00+02:00,0.9629799723625184,0.9629799723625184,0.9692400097846984,0.9627000093460084,0.9683899879455566,0.0
2022-08-23 16:00:00+02:00,0.9621599912643432,0.9621599912643432,0.9638500213623048,0.959999978542328,0.9629999995231628,0.0
2022-08-23 17:30:00+02:00,0.9630299806594848,0.9630299806594848,0.9639800190925598,0.9613999724388124,0.9621599912643432,0.0
2022-08-23 19:00:00+02:00,0.9640700221061708,0.9640700221061708,0.9645000100135804,0.9624000191688538,0.9629799723625184,0.0
2022-08-23 20:30:00+02:00,0.9639800190925598,0.9639800190925598,0.9649400115013124,0.963599979877472,0.964079976081848,0.0
2022-08-23 22:00:00+02:00,0.9632400274276732,0.9632400274276732,0.9643300175666808,0.9625999927520752,0.9639899730682372,0.0
2022-08-23 23:30:00+02:00,0.9638299942016602,0.9638299942016602,0.964299976825714,0.963100016117096,0.9632400274276732,0.0
2022-08-24 01:00:00+02:00,0.9653199911117554,0.9653199911117554,0.9654899835586548,0.9634000062942504,0.9637699723243712,0.0
2022-08-24 02:30:00+02:00,0.9654600024223328,0.9654600024223328,0.9659799933433532,0.9643999934196472,0.9653099775314332,0.0
2022-08-24 04:00:00+02:00,0.9654099941253662,0.9654099941253662,0.9658600091934204,0.9643999934196472,0.9654499888420104,0.0
2022-08-24 05:30:00+02:00,0.9646700024604796,0.9646700024604796,0.965910017490387,0.9639000296592712,0.9654499888420104,0.0
2022-08-24 07:00:00+02:00,0.9660900235176086,0.9660900235176086,0.9662500023841858,0.963599979877472,0.9643999934196472,0.0
2022-08-24 08:30:00+02:00,0.9627000093460084,0.9627000093460084,0.96628999710083,0.9621999859809875,0.9660500288009644,0.0
2022-08-24 10:00:00+02:00,0.9617000222206116,0.9617000222206116,0.9634400010108948,0.9603999853134156,0.9628300070762634,0.0
2022-08-24 11:30:00+02:00,0.963800013065338,0.963800013065338,0.9642000198364258,0.960200011730194,0.961740016937256,0.0
2022-08-24 13:00:00+02:00,0.9651600122451782,0.9651600122451782,0.9653599858283995,0.9625999927520752,0.9638400077819824,0.0
2022-08-24 14:30:00+02:00,0.968119978904724,0.968119978904724,0.968309998512268,0.9641000032424928,0.9651700258255004,0.0
2022-08-24 16:00:00+02:00,0.9659500122070312,0.9659500122070312,0.968779981136322,0.9639999866485596,0.9681100249290466,0.0
2022-08-24 17:30:00+02:00,0.96670001745224,0.96670001745224,0.9678199887275696,0.9649999737739564,0.9659600257873536,0.0
2022-08-24 19:00:00+02:00,0.9660000205039978,0.9660000205039978,0.9670900106430054,0.965399980545044,0.9668300151824952,0.0
2022-08-24 20:30:00+02:00,0.9664000272750854,0.9664000272750854,0.9672799706459044,0.9657999873161316,0.9660599827766418,0.0
2022-08-24 22:00:00+02:00,0.9661399722099304,0.9661399722099304,0.9670299887657166,0.9649900197982788,0.9664199948310852,0.0
2022-08-24 23:30:00+02:00,0.9663100242614746,0.9663100242614746,0.96670001745224,0.9656000137329102,0.9663699865341188,0.0
2022-08-25 01:00:00+02:00,0.9658300280570984,0.9658300280570984,0.9671199917793274,0.9653000235557556,0.9664999842643738,0.0
2022-08-25 02:30:00+02:00,0.9652699828147888,0.9652699828147888,0.9662100076675416,0.9643999934196472,0.965849995613098,0.0
2022-08-25 04:00:00+02:00,0.963800013065338,0.963800013065338,0.965499997138977,0.9634000062942504,0.9653000235557556,0.0
2022-08-25 05:30:00+02:00,0.96315997838974,0.96315997838974,0.9645900130271912,0.9623000025749208,0.9641000032424928,0.0
2022-08-25 07:00:00+02:00,0.9633100032806396,0.9633100032806396,0.964460015296936,0.9621000289916992,0.9631500244140624,0.0
2022-08-25 08:30:00+02:00,0.9623799920082092,0.9623799920082092,0.9633600115776062,0.9611999988555908,0.9632700085639954,0.0
2022-08-25 10:00:00+02:00,0.9628700017929076,0.9628700017929076,0.9629700183868408,0.96069997549057,0.9623399972915648,0.0
2022-08-25 11:30:00+02:00,0.9638500213623048,0.9638500213623048,0.9639099836349488,0.9610999822616576,0.9628900289535522,0.0
2022-08-25 13:00:00+02:00,0.9641900062561036,0.9641900062561036,0.9649699926376344,0.9623000025749208,0.9638100266456604,0.0
2022-08-25 14:30:00+02:00,0.9648200273513794,0.9648200273513794,0.9655200242996216,0.9635000228881836,0.964269995689392,0.0
2022-08-25 16:00:00+02:00,0.9641000032424928,0.9641000032424928,0.965120017528534,0.9623000025749208,0.9648299813270568,0.0
2022-08-25 17:30:00+02:00,0.9645900130271912,0.9645900130271912,0.9654200077056884,0.963599979877472,0.9642000198364258,0.0
2022-08-25 19:00:00+02:00,0.9631999731063844,0.9631999731063844,0.9646499752998352,0.9624000191688538,0.9645400047302246,0.0
2022-08-25 20:30:00+02:00,0.9635300040245056,0.9635300040245056,0.9639000296592712,0.9625999927520752,0.9633600115776062,0.0
2022-08-25 22:00:00+02:00,0.9624000191688538,0.9624000191688538,0.9639400243759156,0.9621300101280212,0.9635199904441832,0.0
2022-08-25 23:30:00+02:00,0.9635000228881836,0.9635000228881836,0.9636099934577942,0.9624800086021424,0.9629700183868408,0.0
2022-08-26 01:00:00+02:00,0.9641000032424928,0.9641000032424928,0.9643099904060364,0.9628999829292296,0.9634699821472168,0.0
2022-08-26 02:30:00+02:00,0.9645400047302246,0.9645400047302246,0.9647200107574464,0.963100016117096,0.9641799926757812,0.0
2022-08-26 04:00:00+02:00,0.964139997959137,0.964139997959137,0.964680016040802,0.9632999897003174,0.9643999934196472,0.0
2022-08-26 05:30:00+02:00,0.9643999934196472,0.9643999934196472,0.9644100069999696,0.963100016117096,0.9641799926757812,0.0
2022-08-26 07:00:00+02:00,0.9639300107955932,0.9639300107955932,0.9644799828529358,0.963100016117096,0.9643499851226808,0.0
2022-08-26 08:30:00+02:00,0.9645000100135804,0.9645000100135804,0.9657400250434875,0.9631999731063844,0.9639300107955932,0.0
2022-08-26 10:00:00+02:00,0.9631999731063844,0.9631999731063844,0.9660000205039978,0.9629999995231628,0.9645599722862244,0.0
2022-08-26 11:30:00+02:00,0.9627000093460084,0.9627000093460084,0.964269995689392,0.9621000289916992,0.9632499814033508,0.0
2022-08-26 13:00:00+02:00,0.9644500017166138,0.9644500017166138,0.9646599888801576,0.9621999859809875,0.962719976902008,0.0
2022-08-26 14:30:00+02:00,0.9593499898910522,0.9593499898910522,0.9646000266075134,0.9588000178337096,0.9644399881362916,0.0
2022-08-26 16:00:00+02:00,0.9636099934577942,0.9636099934577942,0.9650099873542786,0.9574999809265136,0.9594500064849854,0.0
2022-08-26 17:30:00+02:00,0.965149998664856,0.965149998664856,0.9657599925994872,0.9621000289916992,0.9636099934577942,0.0
2022-08-26 19:00:00+02:00,0.966099977493286,0.966099977493286,0.966480016708374,0.9646000266075134,0.9651299715042114,0.0
2022-08-26 20:30:00+02:00,0.966539978981018,0.966539978981018,0.9669299721717834,0.965399980545044,0.9662100076675416,0.0
2022-08-26 22:00:00+02:00,0.9661999940872192,0.9661999940872192,0.9666399955749512,0.9648500084877014,0.966509997844696,0.0
2022-08-29 01:00:00+02:00,0.9683499932289124,0.9683499932289124,0.96916002035141,0.967199981212616,0.9676899909973145,0.0
2022-08-29 02:30:00+02:00,0.9690399765968324,0.9690399765968324,0.9698500037193298,0.9675999879837036,0.968309998512268,0.0
2022-08-29 04:00:00+02:00,0.9688100218772888,0.9688100218772888,0.9696999788284302,0.9677000045776368,0.9690099954605104,0.0
2022-08-29 05:30:00+02:00,0.9698500037193298,0.9698500037193298,0.9699299931526184,0.9679999947547911,0.9688100218772888,0.0
2022-08-29 07:00:00+02:00,0.969980001449585,0.969980001449585,0.9704700112342834,0.9685999751091005,0.9698399901390076,0.0
2022-08-29 08:30:00+02:00,0.9693700075149536,0.9693700075149536,0.970300018787384,0.9681000113487244,0.9699500203132628,0.0
2022-08-29 10:00:00+02:00,0.9680699706077576,0.9680699706077576,0.9707800149917604,0.9674000144004822,0.9693999886512756,0.0
2022-08-29 11:30:00+02:00,0.9684600234031676,0.9684600234031676,0.9685400128364564,0.965399980545044,0.96806001663208,0.0
2022-08-29 13:00:00+02:00,0.9660000205039978,0.9660000205039978,0.9691399931907654,0.9656999707221984,0.9684600234031676,0.0
2022-08-29 14:30:00+02:00,0.9675499796867372,0.9675499796867372,0.9686200022697448,0.9656999707221984,0.9660300016403198,0.0
2022-08-29 16:00:00+02:00,0.9691100120544434,0.9691100120544434,0.9700300097465516,0.9656999707221984,0.9674999713897704,0.0
2022-08-29 17:30:00+02:00,0.9681400060653688,0.9681400060653688,0.9694899916648864,0.9675999879837036,0.9691200256347656,0.0
2022-08-29 19:00:00+02:00,0.9682499766349792,0.9682499766349792,0.9688599705696106,0.9670000076293944,0.9681800007820128,0.0
2022-08-29 20:30:00+02:00,0.9681400060653688,0.9681400060653688,0.9689000248908995,0.9674999713897704,0.9682599902153016,0.0
2022-08-29 22:00:00+02:00,0.9675700068473816,0.9675700068473816,0.9685699939727784,0.966729998588562,0.9681400060653688,0.0
2022-08-29 23:30:00+02:00,0.9677799940109252,0.9677799940109252,0.9682000279426576,0.966729998588562,0.9677000045776368,0.0
2022-08-30 01:00:00+02:00,0.967199981212616,0.967199981212616,0.9682000279426576,0.9660000205039978,0.967869997024536,0.0
2022-08-30 02:30:00+02:00,0.967710018157959,0.967710018157959,0.9679200053215028,0.966099977493286,0.9671000242233276,0.0
2022-08-30 04:00:00+02:00,0.967930018901825,0.967930018901825,0.9685099720954896,0.9671000242233276,0.9677600264549256,0.0
2022-08-30 05:30:00+02:00,0.9675300121307372,0.9675300121307372,0.96806001663208,0.9666000008583068,0.967930018901825,0.0
2022-08-30 07:00:00+02:00,0.9670900106430054,0.9670900106430054,0.9678099751472472,0.9661999940872192,0.9675300121307372,0.0
2022-08-30 08:30:00+02:00,0.9702000021934508,0.9702000021934508,0.9723399877548218,0.9663000106811525,0.9670500159263612,0.0
2022-08-30 10:00:00+02:00,0.9703099727630616,0.9703099727630616,0.9705399870872498,0.9682999849319458,0.9700000286102296,0.0
2022-08-30 11:30:00+02:00,0.9712700247764589,0.9712700247764589,0.971530020236969,0.9690999984741212,0.9699000120162964,0.0
2022-08-30 13:00:00+02:00,0.9711599946022034,0.9711599946022034,0.9716699719429016,0.9695000052452089,0.9712700247764589,0.0
2022-08-30 14:30:00+02:00,0.9714199900627136,0.9714199900627136,0.9725499749183656,0.970300018787384,0.9711700081825256,0.0
2022-08-30 16:00:00+02:00,0.9725300073623656,0.9725300073623656,0.9762200117111206,0.9710999727249146,0.971430003643036,0.0
2022-08-30 17:30:00+02:00,0.9739500284194946,0.9739500284194946,0.974780023097992,0.9718999862670898,0.97257000207901,0.0
2022-08-30 19:00:00+02:00,0.9734100103378296,0.9734100103378296,0.9745000004768372,0.9729999899864196,0.9739400148391724,0.0
2022-08-30 20:30:00+02:00,0.9736899733543396,0.9736899733543396,0.9741700291633606,0.972599983215332,0.973420023918152,0.0
2022-08-30 22:00:00+02:00,0.9739800095558168,0.9739800095558168,0.9746000170707704,0.9730799794197084,0.973680019378662,0.0
2022-08-30 23:30:00+02:00,0.9739500284194946,0.9739500284194946,0.9746999740600586,0.9732099771499634,0.9741700291633606,0.0
2022-08-31 01:00:00+02:00,0.9733700156211852,0.9733700156211852,0.9744200110435486,0.9726999998092652,0.974049985408783,0.0
2022-08-31 02:30:00+02:00,0.9735999703407288,0.9735999703407288,0.973900020122528,0.9724000096321106,0.9734399914741516,0.0
2022-08-31 04:00:00+02:00,0.9733999967575072,0.9733999967575072,0.974179983139038,0.9724000096321106,0.973680019378662,0.0
2022-08-31 05:30:00+02:00,0.9731400012969972,0.9731400012969972,0.9734399914741516,0.972100019454956,0.9733499884605408,0.0
2022-08-31 07:00:00+02:00,0.9728999733924866,0.9728999733924866,0.973800003528595,0.972000002861023,0.9730899930000304,0.0
2022-08-31 08:30:00+02:00,0.9764000177383424,0.9764000177383424,0.9764400124549866,0.9722999930381776,0.973230004310608,0.0
2022-08-31 10:00:00+02:00,0.9780600070953368,0.9780600070953368,0.978410005569458,0.9747999906539916,0.9764099717140198,0.0
2022-08-31 11:30:00+02:00,0.9800400137901306,0.9800400137901306,0.9802200198173524,0.9771999716758728,0.9779000282287598,0.0
2022-08-31 13:00:00+02:00,0.9793999791145324,0.9793999791145324,0.9807199835777284,0.9781000018119812,0.9801099896430968,0.0
2022-08-31 14:30:00+02:00,0.9794300198554992,0.9794300198554992,0.9799100160598756,0.977400004863739,0.9794800281524658,0.0
2022-08-31 16:00:00+02:00,0.9739900231361388,0.9739900231361388,0.9801999926567078,0.9731000065803528,0.9793999791145324,0.0
2022-08-31 17:30:00+02:00,0.975130021572113,0.975130021572113,0.9758099913597108,0.973699986934662,0.9739800095558168,0.0
2022-08-31 19:00:00+02:00,0.9751399755477904,0.9751399755477904,0.9761000275611876,0.9743000268936156,0.9751499891281128,0.0
2022-08-31 20:30:00+02:00,0.977779984474182,0.977779984474182,0.9784500002861024,0.9747999906539916,0.9751399755477904,0.0
2022-08-31 22:00:00+02:00,0.9768199920654296,0.9768199920654296,0.9782500267028807,0.9760199785232544,0.977779984474182,0.0
2022-08-31 23:30:00+02:00,0.9778599739074708,0.9778599739074708,0.9781000018119812,0.9761599898338318,0.977299988269806,0.0
2022-09-01 01:00:00+02:00,0.9803000092506408,0.9803000092506408,0.98062002658844,0.9776999950408936,0.9779099822044371,0.0
2022-09-01 02:30:00+02:00,0.9799000024795532,0.9799000024795532,0.980870008468628,0.979200005531311,0.9805600047111512,0.0
2022-09-01 04:00:00+02:00,0.9796000123023988,0.9796000123023988,0.980400025844574,0.9789000153541564,0.9799000024795532,0.0
2022-09-01 05:30:00+02:00,0.979960024356842,0.979960024356842,0.9802799820899964,0.9789999723434448,0.9796800017356871,0.0
2022-09-01 07:00:00+02:00,0.9778000116348268,0.9778000116348268,0.9807199835777284,0.977299988269806,0.9800099730491638,0.0
2022-09-01 08:30:00+02:00,0.9761199951171876,0.9761199951171876,0.9783999919891356,0.9747999906539916,0.9778500199317932,0.0
2022-09-01 10:00:00+02:00,0.9765499830245972,0.9765499830245972,0.976830005645752,0.9740999937057496,0.9761099815368652,0.0
2022-09-01 11:30:00+02:00,0.9788100123405457,0.9788100123405457,0.979990005493164,0.9757000207901,0.9765400290489196,0.0
2022-09-01 13:00:00+02:00,0.9800500273704528,0.9800500273704528,0.9802500009536744,0.9771999716758728,0.9787899851799012,0.0
2022-09-01 14:30:00+02:00,0.9787999987602234,0.9787999987602234,0.9824600219726562,0.9782000184059144,0.9800500273704528,0.0
2022-09-01 16:00:00+02:00,0.984660029411316,0.984660029411316,0.9860900044441224,0.9786999821662904,0.9787200093269348,0.0
2022-09-01 17:30:00+02:00,0.98294997215271,0.98294997215271,0.9850800037384032,0.9818000197410583,0.984660029411316,0.0
2022-09-01 19:00:00+02:00,0.981249988079071,0.981249988079071,0.9832500219345092,0.980400025844574,0.9829300045967102,0.0
2022-09-01 20:30:00+02:00,0.981790006160736,0.981790006160736,0.9823399782180786,0.9807000160217284,0.9812600016593932,0.0
2022-09-01 22:00:00+02:00,0.981599986553192,0.981599986553192,0.981939971446991,0.98062002658844,0.9817799925804138,0.0
2022-09-01 23:30:00+02:00,0.9817399978637696,0.9817399978637696,0.9819999933242798,0.9805799722671508,0.9812899827957152,0.0
2022-09-02 01:00:00+02:00,0.980679988861084,0.980679988861084,0.9819999933242798,0.9800999760627748,0.9817100167274476,0.0
2022-09-02 02:30:00+02:00,0.981060028076172,0.981060028076172,0.9811400175094604,0.9800000190734864,0.9807500243186952,0.0
2022-09-02 04:00:00+02:00,0.98089998960495,0.98089998960495,0.981249988079071,0.9800000190734864,0.9811000227928162,0.0
2022-09-02 05:30:00+02:00,0.98089998960495,0.98089998960495,0.9813299775123596,0.9800000190734864,0.9808899760246276,0.0
2022-09-02 07:00:00+02:00,0.980970025062561,0.980970025062561,0.9810000061988832,0.9797000288963318,0.9809100031852722,0.0
2022-09-02 08:30:00+02:00,0.9791899919509888,0.9791899919509888,0.9811699986457824,0.9781000018119812,0.9809399843215942,0.0
2022-09-02 10:00:00+02:00,0.9800900220870972,0.9800900220870972,0.980929970741272,0.9785000085830688,0.9791799783706664,0.0
2022-09-02 11:30:00+02:00,0.9823700189590454,0.9823700189590454,0.9827399849891664,0.9789000153541564,0.97979998588562,0.0
2022-09-02 13:00:00+02:00,0.9838200211524964,0.9838200211524964,0.985040009021759,0.9814000129699708,0.9823899865150452,0.0
2022-09-02 14:30:00+02:00,0.9809399843215942,0.9809399843215942,0.9859099984169006,0.9804999828338624,0.9837899804115297,0.0
2022-09-02 16:00:00+02:00,0.9799000024795532,0.9799000024795532,0.9813500046730042,0.9781000018119812,0.9809499979019164,0.0
2022-09-02 17:30:00+02:00,0.981939971446991,0.981939971446991,0.9822099804878236,0.979200005531311,0.9800500273704528,0.0
2022-09-02 19:00:00+02:00,0.9803000092506408,0.9803000092506408,0.9820700287818908,0.9800000190734864,0.981939971446991,0.0
2022-09-02 20:30:00+02:00,0.9811099767684937,0.9811099767684937,0.9819200038909912,0.9797000288963318,0.9803900122642516,0.0
2022-09-02 22:00:00+02:00,0.9807000160217284,0.9807000160217284,0.9820899963378906,0.97953999042511,0.9811000227928162,0.0
2022-09-05 01:00:00+02:00,0.9830499887466432,0.9830499887466432,0.9834399819374084,0.9818000197410583,0.9824699759483336,0.0
2022-09-05 02:30:00+02:00,0.9816499948501588,0.9816499948501588,0.9830499887466432,0.98089998960495,0.9830099940299988,0.0
2022-09-05 04:00:00+02:00,0.983139991760254,0.983139991760254,0.9833800196647644,0.9811000227928162,0.981689989566803,0.0
2022-09-05 05:30:00+02:00,0.9824000000953674,0.9824000000953674,0.9832299947738647,0.9815000295639038,0.9831500053405762,0.0
2022-09-05 07:00:00+02:00,0.9816399812698364,0.9816399812698364,0.9834100008010864,0.9811999797821044,0.982420027256012,0.0
2022-09-05 08:30:00+02:00,0.9827600121498108,0.9827600121498108,0.98361998796463,0.9811999797821044,0.9816399812698364,0.0
2022-09-05 10:00:00+02:00,0.9831200242042542,0.9831200242042542,0.983739972114563,0.9815000295639038,0.9827600121498108,0.0
2022-09-05 11:30:00+02:00,0.981320023536682,0.981320023536682,0.9834100008010864,0.979200005531311,0.983169972896576,0.0
2022-09-05 13:00:00+02:00,0.9818000197410583,0.9818000197410583,0.9829000234603882,0.9801999926567078,0.9812999963760376,0.0
2022-09-05 14:30:00+02:00,0.9807800054550172,0.9807800054550172,0.9821699857711792,0.9793999791145324,0.9820500016212464,0.0
2022-09-05 16:00:00+02:00,0.9814900159835817,0.9814900159835817,0.9818300008773804,0.9800000190734864,0.9807900190353394,0.0
2022-09-05 17:30:00+02:00,0.9801999926567078,0.9801999926567078,0.9815300107002258,0.979200005531311,0.9814800024032592,0.0
2022-09-05 19:00:00+02:00,0.9803299903869628,0.9803299903869628,0.9806100130081176,0.9794999957084656,0.9802299737930298,0.0
2022-09-05 20:30:00+02:00,0.9800000190734864,0.9800000190734864,0.980430006980896,0.9797000288963318,0.9803400039672852,0.0
2022-09-05 22:00:00+02:00,0.979300022125244,0.979300022125244,0.9804999828338624,0.9783999919891356,0.9800099730491638,0.0
2022-09-05 23:30:00+02:00,0.9791399836540222,0.9791399836540222,0.9801999926567078,0.9782000184059144,0.979300022125244,0.0
2022-09-06 01:00:00+02:00,0.97776997089386,0.97776997089386,0.9794700145721436,0.97680002450943,0.9791200160980223,0.0
2022-09-06 02:30:00+02:00,0.977150022983551,0.977150022983551,0.97776997089386,0.9758999943733216,0.97776997089386,0.0
2022-09-06 04:00:00+02:00,0.977400004863739,0.977400004863739,0.977869987487793,0.9765999913215636,0.9771100282669068,0.0
2022-09-06 05:30:00+02:00,0.9795299768447876,0.9795299768447876,0.979889988899231,0.9767000079154968,0.9774100184440612,0.0
2022-09-06 07:00:00+02:00,0.9792299866676332,0.9792299866676332,0.9803000092506408,0.9781000018119812,0.979550004005432,0.0
2022-09-06 08:30:00+02:00,0.979200005531311,0.979200005531311,0.9817299842834472,0.9778000116348268,0.9789000153541564,0.0
2022-09-06 10:00:00+02:00,0.9800900220870972,0.9800900220870972,0.981320023536682,0.9779000282287598,0.979200005531311,0.0
2022-09-06 11:30:00+02:00,0.9814000129699708,0.9814000129699708,0.9814900159835817,0.979099988937378,0.9801099896430968,0.0
2022-09-06 13:00:00+02:00,0.9817500114440918,0.9817500114440918,0.982890009880066,0.980400025844574,0.981369972229004,0.0
2022-09-06 14:30:00+02:00,0.9835399985313416,0.9835399985313416,0.9838600158691406,0.9812999963760376,0.981760025024414,0.0
2022-09-06 16:00:00+02:00,0.9838299751281738,0.9838299751281738,0.9861400127410888,0.981599986553192,0.9830999970436096,0.0
2022-09-06 17:30:00+02:00,0.9846500158309937,0.9846500158309937,0.98513001203537,0.9828000068664552,0.9838200211524964,0.0
2022-09-06 19:00:00+02:00,0.9849500060081482,0.9849500060081482,0.9854000210762024,0.9839000105857848,0.9846000075340272,0.0
2022-09-06 20:30:00+02:00,0.9846400022506714,0.9846400022506714,0.9850299954414368,0.9839000105857848,0.9849500060081482,0.0
2022-09-06 22:00:00+02:00,0.9843000173568726,0.9843000173568726,0.9850000143051147,0.9818900227546692,0.9845899939537048,0.0
2022-09-06 23:30:00+02:00,0.9850999712944032,0.9850999712944032,0.9851800203323364,0.9824000000953674,0.983299970626831,0.0
2022-09-07 01:00:00+02:00,0.985859990119934,0.985859990119934,0.9861900210380554,0.9836999773979188,0.9850800037384032,0.0
2022-09-07 02:30:00+02:00,0.985040009021759,0.985040009021759,0.986109972000122,0.9840999841690063,0.9858199954032898,0.0
2022-09-07 04:00:00+02:00,0.986270010471344,0.986270010471344,0.9866200089454652,0.9843999743461608,0.9850999712944032,0.0
2022-09-07 05:30:00+02:00,0.9852399826049804,0.9852399826049804,0.9869700074195862,0.9843000173568726,0.9862499833106996,0.0
2022-09-07 07:00:00+02:00,0.9843699932098388,0.9843699932098388,0.9856299757957458,0.9836999773979188,0.985230028629303,0.0
2022-09-07 08:30:00+02:00,0.9820899963378906,0.9820899963378906,0.9857699871063232,0.981599986553192,0.9844300150871276,0.0
2022-09-07 10:00:00+02:00,0.9832000136375428,0.9832000136375428,0.9833999872207642,0.9812999963760376,0.9821400046348572,0.0
2022-09-07 11:30:00+02:00,0.9853299856185912,0.9853299856185912,0.98540997505188,0.9825000166893004,0.9833199977874756,0.0
2022-09-07 13:00:00+02:00,0.98513001203537,0.98513001203537,0.9865300059318542,0.984000027179718,0.9853100180625916,0.0
2022-09-07 14:30:00+02:00,0.983460009098053,0.983460009098053,0.9861400127410888,0.9819999933242798,0.9850999712944032,0.0
2022-09-07 16:00:00+02:00,0.98089998960495,0.98089998960495,0.9843699932098388,0.9801999926567078,0.9834799766540528,0.0
2022-09-07 17:30:00+02:00,0.9794999957084656,0.9794999957084656,0.981190025806427,0.9789999723434448,0.98089998960495,0.0
2022-09-07 19:00:00+02:00,0.977970004081726,0.977970004081726,0.9796199798583984,0.9767000079154968,0.97952002286911,0.0
2022-09-07 20:30:00+02:00,0.9762700200080872,0.9762700200080872,0.9786999821662904,0.9757999777793884,0.9780399799346924,0.0
2022-09-07 22:00:00+02:00,0.97680002450943,0.97680002450943,0.9771100282669068,0.9758999943733216,0.9762700200080872,0.0
2022-09-07 23:30:00+02:00,0.9765899777412416,0.9765899777412416,0.9771999716758728,0.9757999777793884,0.9764599800109864,0.0
2022-09-08 01:00:00+02:00,0.9776300191879272,0.9776300191879272,0.9777100086212158,0.9760000109672546,0.9765099883079528,0.0
2022-09-08 02:30:00+02:00,0.9778000116348268,0.9778000116348268,0.9782099723815918,0.9763000011444092,0.9776099920272828,0.0
2022-09-08 04:00:00+02:00,0.9771999716758728,0.9771999716758728,0.978219985961914,0.9765999913215636,0.9778500199317932,0.0
2022-09-08 05:30:00+02:00,0.9773799777030944,0.9773799777030944,0.977840006351471,0.9761000275611876,0.977299988269806,0.0
2022-09-08 07:00:00+02:00,0.9753999710083008,0.9753999710083008,0.9775400161743164,0.973800003528595,0.977370023727417,0.0
2022-09-08 08:30:00+02:00,0.9765999913215636,0.9765999913215636,0.9769700169563292,0.9746000170707704,0.9755300283432008,0.0
2022-09-08 10:00:00+02:00,0.9748200178146362,0.9748200178146362,0.9770900011062622,0.9733999967575072,0.9765999913215636,0.0
2022-09-08 11:30:00+02:00,0.9730600118637084,0.9730600118637084,0.9753299951553344,0.9718999862670898,0.9748200178146362,0.0
2022-09-08 13:00:00+02:00,0.9731600284576416,0.9731600284576416,0.97461998462677,0.9704999923706056,0.9730899930000304,0.0
2022-09-08 14:30:00+02:00,0.9714400172233582,0.9714400172233582,0.9758399724960328,0.9703999757766724,0.9731500148773192,0.0
2022-09-08 16:00:00+02:00,0.9725499749183656,0.9725499749183656,0.9737799763679504,0.9706000089645386,0.9714400172233582,0.0
2022-09-08 17:30:00+02:00,0.9720699787139891,0.9720699787139891,0.9736599922180176,0.9707000255584716,0.972540020942688,0.0
2022-09-08 19:00:00+02:00,0.9709500074386596,0.9709500074386596,0.9725000262260436,0.9700000286102296,0.972100019454956,0.0
2022-09-08 20:30:00+02:00,0.9708200097084044,0.9708200097084044,0.9717000126838684,0.970300018787384,0.970960021018982,0.0
2022-09-08 22:00:00+02:00,0.970300018787384,0.970300018787384,0.9711499810218812,0.9697999954223632,0.9708200097084044,0.0
2022-09-08 23:30:00+02:00,0.9697800278663636,0.9697800278663636,0.9710000157356262,0.9692999720573424,0.9703400135040284,0.0
2022-09-09 01:00:00+02:00,0.9674999713897704,0.9674999713897704,0.9698100090026855,0.967199981212616,0.9696800112724304,0.0
2022-09-09 02:30:00+02:00,0.966539978981018,0.966539978981018,0.967769980430603,0.9656999707221984,0.967639982700348,0.0
2022-09-09 04:00:00+02:00,0.9646599888801576,0.9646599888801576,0.966759979724884,0.9639000296592712,0.9665300250053406,0.0
2022-09-09 05:30:00+02:00,0.9644399881362916,0.9644399881362916,0.9655100107192992,0.9635000228881836,0.9646700024604796,0.0
2022-09-09 07:00:00+02:00,0.96424001455307,0.96424001455307,0.9655100107192992,0.963699996471405,0.964460015296936,0.0
2022-09-09 08:30:00+02:00,0.9594799876213074,0.9594799876213074,0.9645299911499025,0.9588000178337096,0.9642199873924256,0.0
2022-09-09 10:00:00+02:00,0.9565899968147278,0.9565899968147278,0.9597399830818176,0.9556999802589417,0.959500014781952,0.0
2022-09-09 11:30:00+02:00,0.95933997631073,0.95933997631073,0.959999978542328,0.9542999863624572,0.9565600156784058,0.0
2022-09-09 13:00:00+02:00,0.9613100290298462,0.9613100290298462,0.9627100229263306,0.9585000276565552,0.9593999981880188,0.0
2022-09-09 14:30:00+02:00,0.9612399935722352,0.9612399935722352,0.9619699716567992,0.958400011062622,0.9611999988555908,0.0
2022-09-09 16:00:00+02:00,0.9614800214767456,0.9614800214767456,0.9622399806976318,0.9587000012397766,0.9613400101661682,0.0
2022-09-09 17:30:00+02:00,0.9598900079727172,0.9598900079727172,0.9616100192070008,0.959500014781952,0.9611999988555908,0.0
2022-09-09 19:00:00+02:00,0.96069997549057,0.96069997549057,0.9615399837493896,0.9595999717712402,0.9599199891090392,0.0
2022-09-09 20:30:00+02:00,0.96069997549057,0.96069997549057,0.96152001619339,0.960099995136261,0.9608500003814696,0.0
2022-09-09 22:00:00+02:00,0.9598000049591064,0.9598000049591064,0.9610900282859802,0.9587799906730652,0.9607300162315368,0.0
2022-09-12 01:00:00+02:00,0.9600899815559388,0.9600899815559388,0.9607999920845032,0.9589999914169312,0.9606000185012816,0.0
2022-09-12 02:30:00+02:00,0.9583200216293336,0.9583200216293336,0.9601899981498718,0.95770001411438,0.9600800275802612,0.0
2022-09-12 04:00:00+02:00,0.9595100283622742,0.9595100283622742,0.959559977054596,0.9574999809265136,0.9583100080490112,0.0
2022-09-12 05:30:00+02:00,0.960099995136261,0.960099995136261,0.9604899883270264,0.9592000246047974,0.9595100283622742,0.0
2022-09-12 07:00:00+02:00,0.9602900147438048,0.9602900147438048,0.9608100056648254,0.9588000178337096,0.960099995136261,0.0
2022-09-12 08:30:00+02:00,0.9549700021743774,0.9549700021743774,0.9603899717330932,0.954200029373169,0.9603000283241272,0.0
2022-09-12 10:00:00+02:00,0.9553499817848206,0.9553499817848206,0.9563300013542176,0.953000009059906,0.9549599885940552,0.0
2022-09-12 11:30:00+02:00,0.953499972820282,0.953499972820282,0.9570000171661376,0.9531000256538392,0.9552000164985656,0.0
2022-09-12 13:00:00+02:00,0.952709972858429,0.952709972858429,0.9553999900817872,0.9509999752044678,0.953499972820282,0.0
2022-09-12 14:30:00+02:00,0.953279972076416,0.953279972076416,0.955020010471344,0.9520999789237976,0.9527000188827516,0.0
2022-09-12 16:00:00+02:00,0.9512400031089784,0.9512400031089784,0.9535899758338928,0.9506999850273132,0.9532399773597716,0.0
2022-09-12 17:30:00+02:00,0.9510999917984008,0.9510999917984008,0.9523299932479858,0.9506000280380248,0.9512199759483336,0.0
2022-09-12 19:00:00+02:00,0.954479992389679,0.954479992389679,0.9545400142669678,0.9508000016212464,0.9513400197029114,0.0
2022-09-12 20:30:00+02:00,0.9540899991989136,0.9540899991989136,0.9545999765396118,0.9534000158309937,0.9544399976730348,0.0
2022-09-12 22:00:00+02:00,0.953499972820282,0.953499972820282,0.954289972782135,0.952080011367798,0.9540899991989136,0.0
2022-09-12 23:30:00+02:00,0.9536700248718262,0.9536700248718262,0.9539999961853028,0.9527300000190736,0.9533500075340272,0.0
2022-09-13 01:00:00+02:00,0.9526399970054626,0.9526399970054626,0.9537100195884703,0.9514999985694884,0.9536499977111816,0.0
2022-09-13 02:30:00+02:00,0.9519100189208984,0.9519100189208984,0.9528899788856506,0.9513000249862672,0.9526200294494628,0.0
2022-09-13 04:00:00+02:00,0.9519400000572203,0.9519400000572203,0.9525399804115297,0.9510999917984008,0.9519100189208984,0.0
2022-09-13 05:30:00+02:00,0.9521499872207642,0.9521499872207642,0.9526100158691406,0.951200008392334,0.9520000219345092,0.0
2022-09-13 07:00:00+02:00,0.9513999819755554,0.9513999819755554,0.9522500038146972,0.9492999911308287,0.9521600008010864,0.0
2022-09-13 08:30:00+02:00,0.9502400159835817,0.9502400159835817,0.9519400000572203,0.9492999911308287,0.9513400197029114,0.0
2022-09-13 10:00:00+02:00,0.9503700137138368,0.9503700137138368,0.952709972858429,0.9496999979019164,0.9502999782562256,0.0
2022-09-13 11:30:00+02:00,0.948419988155365,0.948419988155365,0.9507799744606018,0.9478999972343444,0.9503999948501588,0.0
2022-09-13 13:00:00+02:00,0.9514999985694884,0.9514999985694884,0.9516299962997437,0.94760000705719,0.9484400153160096,0.0
2022-09-13 14:30:00+02:00,0.959630012512207,0.959630012512207,0.9632999897003174,0.9505000114440918,0.9515200257301332,0.0
2022-09-13 16:00:00+02:00,0.960669994354248,0.960669994354248,0.9623299837112428,0.9588000178337096,0.9595999717712402,0.0
2022-09-13 17:30:00+02:00,0.9595900177955629,0.9595900177955629,0.9612799882888794,0.958899974822998,0.9605000019073486,0.0
2022-09-13 19:00:00+02:00,0.9601799845695496,0.9601799845695496,0.9613100290298462,0.9577999711036682,0.9595400094985962,0.0
2022-09-13 20:30:00+02:00,0.9615399837493896,0.9615399837493896,0.9617000222206116,0.9598000049591064,0.9601899981498718,0.0
2022-09-13 22:00:00+02:00,0.9613999724388124,0.9613999724388124,0.9621999859809875,0.959879994392395,0.9615700244903564,0.0
2022-09-13 23:30:00+02:00,0.9613400101661682,0.9613400101661682,0.9626399874687196,0.9603999853134156,0.9612399935722352,0.0
2022-09-14 01:00:00+02:00,0.9606199860572816,0.9606199860572816,0.9618399739265442,0.959999978542328,0.9614700078964232,0.0
2022-09-14 02:30:00+02:00,0.9612399935722352,0.9612399935722352,0.9616699814796448,0.9598000049591064,0.9605900049209596,0.0
2022-09-14 04:00:00+02:00,0.9615700244903564,0.9615700244903564,0.9619600176811218,0.960099995136261,0.9612699747085572,0.0
2022-09-14 05:30:00+02:00,0.9608799815177916,0.9608799815177916,0.961929976940155,0.9595999717712402,0.9615700244903564,0.0
2022-09-14 07:00:00+02:00,0.9617800116539,0.9617800116539,0.9622099995613098,0.959500014781952,0.9609299898147584,0.0
2022-09-14 08:30:00+02:00,0.9602699875831604,0.9602699875831604,0.9627599716186525,0.9599000215530396,0.961769998073578,0.0
2022-09-14 10:00:00+02:00,0.9611799716949464,0.9611799716949464,0.9617099761962892,0.958299994468689,0.9602800011634828,0.0
2022-09-14 11:30:00+02:00,0.9607399702072144,0.9607399702072144,0.9615600109100342,0.959500014781952,0.9612399935722352,0.0
2022-09-14 13:00:00+02:00,0.962369978427887,0.962369978427887,0.9628000259399414,0.959999978542328,0.9607499837875366,0.0
2022-09-14 14:30:00+02:00,0.961650013923645,0.961650013923645,0.96315997838974,0.9596999883651732,0.9629200100898744,0.0
2022-09-14 16:00:00+02:00,0.9610000252723694,0.9610000252723694,0.9623500108718872,0.958899974822998,0.9614499807357788,0.0
2022-09-14 17:30:00+02:00,0.961329996585846,0.961329996585846,0.9614700078964232,0.9599000215530396,0.9610099792480468,0.0
2022-09-14 19:00:00+02:00,0.9623399972915648,0.9623399972915648,0.9625399708747864,0.9606000185012816,0.9613199830055236,0.0
2022-09-14 20:30:00+02:00,0.9627900123596193,0.9627900123596193,0.9636499881744384,0.961899995803833,0.9623200297355652,0.0
2022-09-14 22:00:00+02:00,0.961300015449524,0.961300015449524,0.9628900289535522,0.9611999988555908,0.9628000259399414,0.0
2022-09-14 23:30:00+02:00,0.9619200229644777,0.9619200229644777,0.9628000259399414,0.9612900018692015,0.961359977722168,0.0
2022-09-15 01:00:00+02:00,0.962499976158142,0.962499976158142,0.9630600214004515,0.9613999724388124,0.962029993534088,0.0
2022-09-15 02:30:00+02:00,0.9619100093841552,0.9619100093841552,0.9629899859428406,0.961300015449524,0.9624900221824646,0.0
2022-09-15 04:00:00+02:00,0.9629700183868408,0.9629700183868408,0.963540017604828,0.9611999988555908,0.961899995803833,0.0
2022-09-15 05:30:00+02:00,0.9632899761199952,0.9632899761199952,0.9635900259017944,0.962000012397766,0.9630200266838074,0.0
2022-09-15 07:00:00+02:00,0.9627000093460084,0.9627000093460084,0.9642099738121032,0.962499976158142,0.9633100032806396,0.0
2022-09-15 08:30:00+02:00,0.962499976158142,0.962499976158142,0.9639400243759156,0.9614999890327454,0.9628300070762634,0.0
2022-09-15 10:00:00+02:00,0.9590299725532532,0.9590299725532532,0.9632099866867064,0.958199977874756,0.9625399708747864,0.0
2022-09-15 11:30:00+02:00,0.9556000232696532,0.9556000232696532,0.9591000080108644,0.9553999900817872,0.9590700268745422,0.0
2022-09-15 13:00:00+02:00,0.9585999846458436,0.9585999846458436,0.9591000080108644,0.9549999833106996,0.9557200074195862,0.0
2022-09-15 14:30:00+02:00,0.9573299884796144,0.9573299884796144,0.9591000080108644,0.955299973487854,0.958620011806488,0.0
2022-09-15 16:00:00+02:00,0.9601899981498718,0.9601899981498718,0.9612900018692015,0.9564999938011168,0.9573400020599364,0.0
2022-09-15 17:30:00+02:00,0.9603899717330932,0.9603899717330932,0.9616699814796448,0.9593999981880188,0.9602100253105164,0.0
2022-09-15 19:00:00+02:00,0.959969997406006,0.959969997406006,0.9605699777603148,0.9585000276565552,0.9603700041770936,0.0
2022-09-15 20:30:00+02:00,0.9611899852752686,0.9611899852752686,0.9613800048828124,0.959500014781952,0.9600200057029724,0.0
2022-09-15 22:00:00+02:00,0.9606099724769592,0.9606099724769592,0.961899995803833,0.960349977016449,0.9611600041389464,0.0
2022-09-15 23:30:00+02:00,0.9614599943161012,0.9614599943161012,0.9617999792099,0.9600399732589722,0.9605699777603148,0.0
2022-09-16 01:00:00+02:00,0.9609900116920472,0.9609900116920472,0.9623000025749208,0.9603999853134156,0.9614599943161012,0.0
2022-09-16 02:30:00+02:00,0.9610999822616576,0.9610999822616576,0.9613100290298462,0.959500014781952,0.9610700011253356,0.0
2022-09-16 04:00:00+02:00,0.9616000056266784,0.9616000056266784,0.9625300168991088,0.9605000019073486,0.9611499905586244,0.0
2022-09-16 05:30:00+02:00,0.9617300033569336,0.9617300033569336,0.9619500041007996,0.9607999920845032,0.9616100192070008,0.0
2022-09-16 07:00:00+02:00,0.9641600251197816,0.9641600251197816,0.9641600251197816,0.9610999822616576,0.9617800116539,0.0
2022-09-16 08:30:00+02:00,0.963890016078949,0.963890016078949,0.9652799963951112,0.962000012397766,0.9641100168228148,0.0
2022-09-16 10:00:00+02:00,0.9632999897003174,0.9632999897003174,0.9646499752998352,0.9628999829292296,0.9639000296592712,0.0
2022-09-16 11:30:00+02:00,0.9615899920463562,0.9615899920463562,0.9638400077819824,0.9610000252723694,0.963699996471405,0.0
2022-09-16 13:00:00+02:00,0.9623200297355652,0.9623200297355652,0.9628000259399414,0.9598000049591064,0.961549997329712,0.0
2022-09-16 14:30:00+02:00,0.9634799957275392,0.9634799957275392,0.9644100069999696,0.9614999890327454,0.9623000025749208,0.0
2022-09-16 16:00:00+02:00,0.9638800024986268,0.9638800024986268,0.9638800024986268,0.9606000185012816,0.9634199738502502,0.0
2022-09-16 17:30:00+02:00,0.9652299880981444,0.9652299880981444,0.9661200046539308,0.9628999829292296,0.9638800024986268,0.0
2022-09-16 19:00:00+02:00,0.9646999835968018,0.9646999835968018,0.9655500054359436,0.9642000198364258,0.9652799963951112,0.0
2022-09-16 20:30:00+02:00,0.9646199941635132,0.9646199941635132,0.9651399850845336,0.9639000296592712,0.9647899866104126,0.0
2022-09-16 22:00:00+02:00,0.9644100069999696,0.9644100069999696,0.9649999737739564,0.9629200100898744,0.9646099805831908,0.0
2022-09-19 01:00:00+02:00,0.9635599851608276,0.9635599851608276,0.9643999934196472,0.9621000289916992,0.9638800024986268,0.0
2022-09-19 02:30:00+02:00,0.9648399949073792,0.9648399949073792,0.9652000069618224,0.9628999829292296,0.963599979877472,0.0
2022-09-19 04:00:00+02:00,0.9656999707221984,0.9656999707221984,0.966159999370575,0.9642000198364258,0.9648500084877014,0.0
2022-09-19 05:30:00+02:00,0.966099977493286,0.966099977493286,0.9663500189781188,0.9649999737739564,0.9653000235557556,0.0
2022-09-19 07:00:00+02:00,0.9680399894714355,0.9680399894714355,0.9683300256729126,0.965499997138977,0.966159999370575,0.0
2022-09-19 08:30:00+02:00,0.9686400294303894,0.9686400294303894,0.9695500135421752,0.96670001745224,0.9680399894714355,0.0
2022-09-19 10:00:00+02:00,0.9668400287628174,0.9668400287628174,0.9689099788665771,0.9657999873161316,0.9686800241470336,0.0
2022-09-19 11:30:00+02:00,0.9655399918556212,0.9655399918556212,0.9670299887657166,0.9646000266075134,0.9668499827384948,0.0
2022-09-19 13:00:00+02:00,0.9665799736976624,0.9665799736976624,0.9673799872398376,0.9641000032424928,0.9655100107192992,0.0
2022-09-19 14:30:00+02:00,0.9670299887657166,0.9670299887657166,0.967739999294281,0.9653000235557556,0.9665899872779846,0.0
2022-09-19 16:00:00+02:00,0.965499997138977,0.965499997138977,0.967859983444214,0.9639999866485596,0.9670100212097168,0.0
2022-09-19 17:30:00+02:00,0.9652500152587892,0.9652500152587892,0.9663299918174744,0.9643999934196472,0.965499997138977,0.0
2022-09-19 19:00:00+02:00,0.965810000896454,0.965810000896454,0.966099977493286,0.964299976825714,0.9652000069618224,0.0
2022-09-19 20:30:00+02:00,0.964269995689392,0.964269995689392,0.9662500023841858,0.9639000296592712,0.965839982032776,0.0
2022-09-19 22:00:00+02:00,0.963599979877472,0.963599979877472,0.9648100137710572,0.9633600115776062,0.9642000198364258,0.0
2022-09-19 23:30:00+02:00,0.9640700221061708,0.9640700221061708,0.964299976825714,0.9633600115776062,0.9636099934577942,0.0
2022-09-20 01:00:00+02:00,0.9635199904441832,0.9635199904441832,0.9646300077438354,0.9621000289916992,0.9640600085258484,0.0
2022-09-20 02:30:00+02:00,0.9651700258255004,0.9651700258255004,0.9652199745178224,0.9625999927520752,0.9635199904441832,0.0
2022-09-20 04:00:00+02:00,0.9639999866485596,0.9639999866485596,0.9653199911117554,0.9635000228881836,0.9651600122451782,0.0
2022-09-20 05:30:00+02:00,0.9654800295829772,0.9654800295829772,0.9656699895858764,0.963599979877472,0.9642099738121032,0.0
2022-09-20 07:00:00+02:00,0.9641299843788148,0.9641299843788148,0.9662799835205078,0.9635000228881836,0.9655299782752992,0.0
2022-09-20 08:30:00+02:00,0.9624500274658204,0.9624500274658204,0.9648600220680236,0.9621000289916992,0.9641799926757812,0.0
2022-09-20 10:00:00+02:00,0.966099977493286,0.966099977493286,0.9668200016021729,0.9621999859809875,0.9625700116157532,0.0
2022-09-20 11:30:00+02:00,0.9655200242996216,0.9655200242996216,0.9666500091552734,0.9645000100135804,0.966099977493286,0.0
2022-09-20 13:00:00+02:00,0.9668599963188172,0.9668599963188172,0.9671800136566162,0.9645000100135804,0.9655200242996216,0.0
2022-09-20 14:30:00+02:00,0.9667500257492064,0.9667500257492064,0.9682499766349792,0.9659000039100648,0.9669299721717834,0.0
2022-09-20 16:00:00+02:00,0.9646099805831908,0.9646099805831908,0.967199981212616,0.963599979877472,0.966759979724884,0.0
2022-09-20 17:30:00+02:00,0.9636800289154052,0.9636800289154052,0.9646499752998352,0.962000012397766,0.9645699858665466,0.0
2022-09-20 19:00:00+02:00,0.963699996471405,0.963699996471405,0.9643099904060364,0.9624000191688538,0.9636800289154052,0.0
2022-09-20 20:30:00+02:00,0.964049994945526,0.964049994945526,0.9645000100135804,0.9632999897003174,0.9641199707984924,0.0
2022-09-20 22:00:00+02:00,0.9636099934577942,0.9636099934577942,0.9652000069618224,0.962499976158142,0.9640600085258484,0.0
2022-09-20 23:30:00+02:00,0.9639800190925598,0.9639800190925598,0.964900016784668,0.9630600214004515,0.9635499715805054,0.0
2022-09-21 01:00:00+02:00,0.963670015335083,0.963670015335083,0.9641199707984924,0.9628000259399414,0.9640300273895264,0.0
2022-09-21 02:30:00+02:00,0.9642199873924256,0.9642199873924256,0.9643200039863586,0.9625999927520752,0.963599979877472,0.0
2022-09-21 04:00:00+02:00,0.964680016040802,0.964680016040802,0.9649099707603456,0.9628999829292296,0.9642199873924256,0.0
2022-09-21 05:30:00+02:00,0.964900016784668,0.964900016784668,0.9650300145149232,0.963699996471405,0.9646000266075134,0.0
2022-09-21 07:00:00+02:00,0.9630799889564514,0.9630799889564514,0.9654399752616882,0.9628000259399414,0.9648699760437012,0.0
2022-09-21 08:30:00+02:00,0.9676499962806702,0.9676499962806702,0.9678900241851808,0.9627000093460084,0.9630600214004515,0.0
2022-09-21 10:00:00+02:00,0.9639300107955932,0.9639300107955932,0.96833997964859,0.9634000062942504,0.9676600098609924,0.0
2022-09-21 11:30:00+02:00,0.9639700055122375,0.9639700055122375,0.9648100137710572,0.962499976158142,0.9639599919319152,0.0
2022-09-21 13:00:00+02:00,0.9645000100135804,0.9645000100135804,0.9649400115013124,0.961899995803833,0.9639700055122375,0.0
2022-09-21 14:30:00+02:00,0.9645599722862244,0.9645599722862244,0.9650400280952454,0.9621999859809875,0.9645100235939026,0.0
2022-09-21 16:00:00+02:00,0.965560019016266,0.965560019016266,0.9660599827766418,0.9631999731063844,0.9645100235939026,0.0
2022-09-21 17:30:00+02:00,0.9663599729537964,0.9663599729537964,0.9664999842643738,0.964299976825714,0.9655500054359436,0.0
2022-09-21 19:00:00+02:00,0.9673500061035156,0.9673500061035156,0.9700000286102296,0.9639000296592712,0.9660000205039978,0.0
2022-09-21 20:30:00+02:00,0.9661399722099304,0.9661399722099304,0.9680799841880798,0.9617999792099,0.9673399925231934,0.0
2022-09-21 22:00:00+02:00,0.9659900069236756,0.9659900069236756,0.9671099781990052,0.9650499820709229,0.9661099910736084,0.0
2022-09-21 23:30:00+02:00,0.9663500189781188,0.9663500189781188,0.9670000076293944,0.9652199745178224,0.9660099744796752,0.0
2022-09-22 01:00:00+02:00,0.9685699939727784,0.9685699939727784,0.9689499735832214,0.9660000205039978,0.9664599895477296,0.0
2022-09-22 02:30:00+02:00,0.9668599963188172,0.9668599963188172,0.9693199992179872,0.966099977493286,0.968529999256134,0.0
2022-09-22 04:00:00+02:00,0.966040015220642,0.966040015220642,0.9679200053215028,0.963599979877472,0.9668200016021729,0.0
2022-09-22 05:30:00+02:00,0.9655799865722656,0.9655799865722656,0.9663500189781188,0.9646999835968018,0.9660199880599976,0.0
2022-09-22 07:00:00+02:00,0.9657800197601318,0.9657800197601318,0.9663699865341188,0.9646000266075134,0.965590000152588,0.0
2022-09-22 08:30:00+02:00,0.9780099987983704,0.9780099987983704,0.9781100153923036,0.961899995803833,0.9657800197601318,0.0
2022-09-22 10:00:00+02:00,0.9744499921798706,0.9744499921798706,0.9799500107765198,0.9714099764823914,0.9780200123786926,0.0
2022-09-22 11:30:00+02:00,0.9808300137519836,0.9808300137519836,0.9821400046348572,0.973699986934662,0.9744799733161926,0.0
2022-09-22 13:00:00+02:00,0.9782400131225586,0.9782400131225586,0.9850199818611144,0.977299988269806,0.980870008468628,0.0
2022-09-22 14:30:00+02:00,0.9818300008773804,0.9818300008773804,0.9822999835014344,0.9753000140190125,0.9782500267028807,0.0
2022-09-22 16:00:00+02:00,0.982039988040924,0.982039988040924,0.9829400181770324,0.979200005531311,0.981760025024414,0.0
2022-09-22 17:30:00+02:00,0.9797599911689758,0.9797599911689758,0.982509970664978,0.9785000085830688,0.9820799827575684,0.0
2022-09-22 19:00:00+02:00,0.9779000282287598,0.9779000282287598,0.9798099994659424,0.9775999784469604,0.9797599911689758,0.0
2022-09-22 20:30:00+02:00,0.9767199754714966,0.9767199754714966,0.9793300032615662,0.9760000109672546,0.9780399799346924,0.0
2022-09-22 22:00:00+02:00,0.9770100116729736,0.9770100116729736,0.9775999784469604,0.9760100245475768,0.9767299890518188,0.0
2022-09-22 23:30:00+02:00,0.9765400290489196,0.9765400290489196,0.9775999784469604,0.9757000207901,0.9771900177001952,0.0
2022-09-23 01:00:00+02:00,0.9769499897956848,0.9769499897956848,0.977050006389618,0.975000023841858,0.9766499996185304,0.0
2022-09-23 02:30:00+02:00,0.977400004863739,0.977400004863739,0.9778199791908264,0.975600004196167,0.9769499897956848,0.0
2022-09-23 04:00:00+02:00,0.978410005569458,0.978410005569458,0.9786900281906128,0.9768999814987184,0.9774799942970276,0.0
2022-09-23 05:30:00+02:00,0.9782699942588806,0.9782699942588806,0.979070007801056,0.9771999716758728,0.9784200191497804,0.0
2022-09-23 07:00:00+02:00,0.9778500199317932,0.9778500199317932,0.9786900281906128,0.9767000079154968,0.9782999753952026,0.0
2022-09-23 08:30:00+02:00,0.9794999957084656,0.9794999957084656,0.9800699949264526,0.9771000146865844,0.9778100252151488,0.0
2022-09-23 10:00:00+02:00,0.981119990348816,0.981119990348816,0.9818599820137024,0.979099988937378,0.9799100160598756,0.0
2022-09-23 11:30:00+02:00,0.9829000234603882,0.9829000234603882,0.9831500053405762,0.9794999957084656,0.981119990348816,0.0
2022-09-23 13:00:00+02:00,0.97953999042511,0.97953999042511,0.9832199811935424,0.977999985218048,0.9831600189208984,0.0
2022-09-23 14:30:00+02:00,0.9763200283050536,0.9763200283050536,0.9801999926567078,0.9753000140190125,0.97953999042511,0.0
2022-09-23 16:00:00+02:00,0.9807299971580504,0.9807299971580504,0.9821100234985352,0.9758999943733216,0.9763200283050536,0.0
2022-09-23 17:30:00+02:00,0.9805499911308287,0.9805499911308287,0.981689989566803,0.9789000153541564,0.9807599782943726,0.0
2022-09-23 19:00:00+02:00,0.9823899865150452,0.9823899865150452,0.9832500219345092,0.97979998588562,0.9805600047111512,0.0
2022-09-23 20:30:00+02:00,0.9818500280380248,0.9818500280380248,0.9839900135993958,0.9807999730110168,0.9824399948120116,0.0
2022-09-23 22:00:00+02:00,0.9813899993896484,0.9813899993896484,0.9824100136756896,0.9803000092506408,0.9818500280380248,0.0
2022-09-26 01:00:00+02:00,0.9830899834632874,0.9830899834632874,0.9836000204086304,0.9811000227928162,0.9819599986076356,0.0
2022-09-26 02:30:00+02:00,0.9822499752044678,0.9822499752044678,0.985069990158081,0.9807000160217284,0.9831299781799316,0.0
2022-09-26 04:00:00+02:00,0.9844800233840942,0.9844800233840942,0.9847300052642822,0.9811000227928162,0.98225998878479,0.0
2022-09-26 05:30:00+02:00,0.984790027141571,0.984790027141571,0.985040009021759,0.9837999939918518,0.9844800233840942,0.0
2022-09-26 07:00:00+02:00,0.9861500263214112,0.9861500263214112,0.9863200187683104,0.983299970626831,0.9848300218582152,0.0
2022-09-26 08:30:00+02:00,0.9826899766921996,0.9826899766921996,0.9873600006103516,0.9800000190734864,0.9861500263214112,0.0
2022-09-26 10:00:00+02:00,0.9858999848365784,0.9858999848365784,0.9859499931335448,0.9822999835014344,0.9826499819755554,0.0
2022-09-26 11:30:00+02:00,0.9904099702835084,0.9904099702835084,0.9916099905967712,0.9850999712944032,0.9858999848365784,0.0
2022-09-26 13:00:00+02:00,0.9903500080108644,0.9903500080108644,0.9924600124359132,0.9890999794006348,0.9904099702835084,0.0
2022-09-26 14:30:00+02:00,0.9862300157546996,0.9862300157546996,0.9904099702835084,0.9850000143051147,0.9903600215911864,0.0
2022-09-26 16:00:00+02:00,0.9913700222969056,0.9913700222969056,0.9917200207710266,0.9854999780654908,0.9862200021743774,0.0
2022-09-26 17:30:00+02:00,0.9947999715805054,0.9947999715805054,0.9958500266075134,0.9904999732971193,0.9914399981498718,0.0
2022-09-26 19:00:00+02:00,0.9962800145149232,0.9962800145149232,0.9965500235557556,0.9944000244140624,0.994790017604828,0.0
2022-09-26 20:30:00+02:00,0.9930599927902222,0.9930599927902222,0.9965800046920776,0.9918000102043152,0.9963399767875672,0.0
2022-09-26 22:00:00+02:00,0.9936000108718872,0.9936000108718872,0.994599997997284,0.9921000003814696,0.9930599927902222,0.0
2022-09-26 23:30:00+02:00,0.9933000206947328,0.9933000206947328,0.9944000244140624,0.9922199845314026,0.9929400086402892,0.0
2022-09-27 01:00:00+02:00,0.9913100004196168,0.9913100004196168,0.9937000274658204,0.9908000230789183,0.9934099912643432,0.0
2022-09-27 02:30:00+02:00,0.9925100207328796,0.9925100207328796,0.9925299882888794,0.9901999831199646,0.9914000034332277,0.0
2022-09-27 04:00:00+02:00,0.9916499853134156,0.9916499853134156,0.9929100275039672,0.9911999702453612,0.9923999905586244,0.0
2022-09-27 05:30:00+02:00,0.9915400147438048,0.9915400147438048,0.9918000102043152,0.9902999997138976,0.9915900230407716,0.0
2022-09-27 07:00:00+02:00,0.9872699975967408,0.9872699975967408,0.9918699860572816,0.9869999885559082,0.9915599822998048,0.0
2022-09-27 08:30:00+02:00,0.9891600012779236,0.9891600012779236,0.9896299839019777,0.9865999817848206,0.9872699975967408,0.0
2022-09-27 10:00:00+02:00,0.9898800253868104,0.9898800253868104,0.9908199906349182,0.9848999977111816,0.9891499876976012,0.0
2022-09-27 11:30:00+02:00,0.9869700074195862,0.9869700074195862,0.9906100034713744,0.9853000044822692,0.9898599982261658,0.0
2022-09-27 13:00:00+02:00,0.9866200089454652,0.9866200089454652,0.9880200028419496,0.9839000105857848,0.9869700074195862,0.0
2022-09-27 14:30:00+02:00,0.988070011138916,0.988070011138916,0.989549994468689,0.9853000044822692,0.9866700172424316,0.0
2022-09-27 16:00:00+02:00,0.9904599785804749,0.9904599785804749,0.9908599853515624,0.9879000186920166,0.9879999756813048,0.0
2022-09-27 17:30:00+02:00,0.9904699921607972,0.9904699921607972,0.9915199875831604,0.9879000186920166,0.9904800057411194,0.0
2022-09-27 19:00:00+02:00,0.9919099807739258,0.9919099807739258,0.9922099709510804,0.9900000095367432,0.9904800057411194,0.0
2022-09-27 20:30:00+02:00,0.9919999837875366,0.9919999837875366,0.9923999905586244,0.9905999898910522,0.9919300079345704,0.0
2022-09-27 22:00:00+02:00,0.9908999800682068,0.9908999800682068,0.9923999905586244,0.989549994468689,0.9921000003814696,0.0
2022-09-27 23:30:00+02:00,0.9919899702072144,0.9919899702072144,0.9922199845314026,0.9897800087928772,0.990339994430542,0.0
2022-09-28 01:00:00+02:00,0.9923700094223022,0.9923700094223022,0.9924700260162354,0.9905999898910522,0.9920600056648254,0.0
2022-09-28 02:30:00+02:00,0.9939500093460084,0.9939500093460084,0.9944900274276732,0.991599977016449,0.9923999905586244,0.0
2022-09-28 04:00:00+02:00,0.9941999912261964,0.9941999912261964,0.9951500296592712,0.9932000041007996,0.9939600229263306,0.0
2022-09-28 05:30:00+02:00,0.9949399828910828,0.9949399828910828,0.9953500032424928,0.9937000274658204,0.9942899942398072,0.0
2022-09-28 07:00:00+02:00,0.9954000115394592,0.9954000115394592,0.9955099821090698,0.9936000108718872,0.9950000047683716,0.0
2022-09-28 08:30:00+02:00,0.9910399913787842,0.9910399913787842,0.9965800046920776,0.9900000095367432,0.9954599738121032,0.0
2022-09-28 10:00:00+02:00,0.993399977684021,0.993399977684021,0.9940999746322632,0.9894999861717224,0.9910899996757508,0.0
2022-09-28 11:30:00+02:00,0.989579975605011,0.989579975605011,0.9938600063323976,0.9872999787330629,0.9933199882507324,0.0
2022-09-28 13:00:00+02:00,0.9860299825668336,0.9860299825668336,0.9904699921607972,0.9843999743461608,0.9895200133323668,0.0
2022-09-28 14:30:00+02:00,0.9849600195884703,0.9849600195884703,0.9872300028800964,0.9825000166893004,0.9859899878501892,0.0
2022-09-28 16:00:00+02:00,0.9799699783325196,0.9799699783325196,0.986109972000122,0.9786999821662904,0.9849799871444702,0.0
2022-09-28 17:30:00+02:00,0.9767299890518188,0.9767299890518188,0.9802899956703186,0.9743000268936156,0.9799799919128418,0.0
2022-09-28 19:00:00+02:00,0.9769300222396852,0.9769300222396852,0.977500021457672,0.9751999974250792,0.9767100214958192,0.0
2022-09-28 20:30:00+02:00,0.9760000109672546,0.9760000109672546,0.9772099852561952,0.9746999740600586,0.9769200086593628,0.0
2022-09-28 22:00:00+02:00,0.975250005722046,0.975250005722046,0.9765200018882751,0.9742400050163268,0.9761000275611876,0.0
2022-09-28 23:30:00+02:00,0.9769399762153624,0.9769399762153624,0.9770399928092957,0.9744600057601928,0.9752600193023682,0.0
2022-09-29 01:00:00+02:00,0.9773899912834167,0.9773899912834167,0.9779899716377258,0.9763000011444092,0.9769700169563292,0.0
2022-09-29 02:30:00+02:00,0.977999985218048,0.977999985218048,0.97843998670578,0.9764999747276306,0.977400004863739,0.0
2022-09-29 04:00:00+02:00,0.9794999957084656,0.9794999957084656,0.9796800017356871,0.9775999784469604,0.97816002368927,0.0
2022-09-29 05:30:00+02:00,0.979099988937378,0.979099988937378,0.9797499775886536,0.9782999753952026,0.979550004005432,0.0
2022-09-29 07:00:00+02:00,0.9813600182533264,0.9813600182533264,0.98198002576828,0.9785000085830688,0.9792400002479552,0.0
2022-09-29 08:30:00+02:00,0.98444002866745,0.98444002866745,0.9856200218200684,0.9793999791145324,0.9813899993896484,0.0
2022-09-29 10:00:00+02:00,0.9818400144577026,0.9818400144577026,0.9848799705505372,0.9810000061988832,0.9844599962234496,0.0
2022-09-29 11:30:00+02:00,0.9783999919891356,0.9783999919891356,0.9823099970817566,0.9783999919891356,0.9818400144577026,0.0
2022-09-29 13:00:00+02:00,0.9803799986839294,0.9803799986839294,0.983370006084442,0.9779000282287598,0.9787399768829346,0.0
2022-09-29 14:30:00+02:00,0.9812999963760376,0.9812999963760376,0.9854999780654908,0.979300022125244,0.9803199768066406,0.0
2022-09-29 16:00:00+02:00,0.9798200130462646,0.9798200130462646,0.984000027179718,0.9781000018119812,0.9812999963760376,0.0
2022-09-29 17:30:00+02:00,0.9804900288581848,0.9804900288581848,0.9806600213050842,0.9779000282287598,0.9798300266265868,0.0
2022-09-29 19:00:00+02:00,0.9788600206375122,0.9788600206375122,0.9811099767684937,0.9782000184059144,0.9804800152778624,0.0
2022-09-29 20:30:00+02:00,0.9769700169563292,0.9769700169563292,0.9791399836540222,0.9764000177383424,0.9788699746131896,0.0
2022-09-29 22:00:00+02:00,0.9751999974250792,0.9751999974250792,0.9773799777030944,0.9738500118255616,0.9769799709320068,0.0
2022-09-29 23:30:00+02:00,0.9753900170326232,0.9753900170326232,0.9763000011444092,0.9735999703407288,0.9749299883842468,0.0
2022-09-30 01:00:00+02:00,0.9753000140190125,0.9753000140190125,0.975920021533966,0.973699986934662,0.9753999710083008,0.0
2022-09-30 02:30:00+02:00,0.975279986858368,0.975279986858368,0.9757500290870668,0.9735000133514404,0.9752900004386902,0.0
2022-09-30 04:00:00+02:00,0.9762600064277648,0.9762600064277648,0.9764099717140198,0.9746000170707704,0.9752900004386902,0.0
2022-09-30 05:30:00+02:00,0.9763699769973756,0.9763699769973756,0.9765899777412416,0.975000023841858,0.9762099981307985,0.0
2022-09-30 07:00:00+02:00,0.9767000079154968,0.9767000079154968,0.9770299792289734,0.973699986934662,0.9764400124549866,0.0
2022-09-30 08:30:00+02:00,0.9763000011444092,0.9763000011444092,0.9790199995040894,0.9749000072479248,0.9766499996185304,0.0
2022-09-30 10:00:00+02:00,0.9767100214958192,0.9767100214958192,0.977370023727417,0.975000023841858,0.9764400124549866,0.0
2022-09-30 11:30:00+02:00,0.9794800281524658,0.9794800281524658,0.9798300266265868,0.9760000109672546,0.9767100214958192,0.0
2022-09-30 13:00:00+02:00,0.9792400002479552,0.9792400002479552,0.9817399978637696,0.9785000085830688,0.9794800281524658,0.0
2022-09-30 14:30:00+02:00,0.9779899716377258,0.9779899716377258,0.982039988040924,0.9776999950408936,0.9789699912071228,0.0
2022-09-30 16:00:00+02:00,0.981469988822937,0.981469988822937,0.9853399991989136,0.977400004863739,0.977869987487793,0.0
2022-09-30 17:30:00+02:00,0.9837200045585632,0.9837200045585632,0.9868299961090088,0.9805999994277954,0.9814299941062928,0.0
2022-09-30 19:00:00+02:00,0.9846500158309937,0.9846500158309937,0.9859899878501892,0.983299970626831,0.9837300181388856,0.0
2022-09-30 20:30:00+02:00,0.9866499900817872,0.9866499900817872,0.9877200126647948,0.9842000007629396,0.9846500158309937,0.0
2022-09-30 22:00:00+02:00,0.986739993095398,0.986739993095398,0.9874600172042848,0.9854000210762024,0.9865599870681764,0.0
2022-10-03 01:00:00+02:00,0.9860900044441224,0.9860900044441224,0.9868599772453308,0.9847999811172484,0.9848999977111816,0.0
2022-10-03 02:30:00+02:00,0.9840099811553956,0.9840099811553956,0.9864699840545654,0.9833999872207642,0.9860000014305116,0.0
2022-10-03 04:00:00+02:00,0.9848999977111816,0.9848999977111816,0.9852200150489808,0.9829999804496764,0.9840400218963624,0.0
2022-10-03 05:30:00+02:00,0.9865700006484984,0.9865700006484984,0.9866499900817872,0.9842000007629396,0.9850199818611144,0.0
2022-10-03 07:00:00+02:00,0.9849799871444702,0.9849799871444702,0.9869499802589417,0.9829000234603882,0.9865999817848206,0.0
2022-10-03 08:30:00+02:00,0.9878900051116944,0.9878900051116944,0.9889199733734132,0.9848999977111816,0.9850900173187256,0.0
2022-10-03 10:00:00+02:00,0.9886299967765808,0.9886299967765808,0.9895300269126892,0.9861999750137328,0.9878600239753724,0.0
2022-10-03 11:30:00+02:00,0.9899500012397766,0.9899500012397766,0.9918000102043152,0.9882000088691713,0.9885600209236144,0.0
2022-10-03 13:00:00+02:00,0.989300012588501,0.989300012588501,0.9901400208473206,0.9872999787330629,0.9898899793624878,0.0
2022-10-03 14:30:00+02:00,0.9908699989318848,0.9908699989318848,0.9917799830436708,0.9868000149726868,0.9893100261688232,0.0
2022-10-03 16:00:00+02:00,0.9916099905967712,0.9916099905967712,0.9941999912261964,0.9868000149726868,0.990779995918274,0.0
2022-10-03 17:30:00+02:00,0.9917600154876708,0.9917600154876708,0.9937599897384644,0.99099999666214,0.9916499853134156,0.0
2022-10-03 19:00:00+02:00,0.993499994277954,0.993499994277954,0.9950100183486938,0.9914000034332277,0.9917700290679932,0.0
2022-10-03 20:30:00+02:00,0.993250012397766,0.993250012397766,0.993690013885498,0.9919999837875366,0.9935600161552428,0.0
2022-10-03 22:00:00+02:00,0.9918299913406372,0.9918299913406372,0.993340015411377,0.9908000230789183,0.993250012397766,0.0
2022-10-03 23:30:00+02:00,0.9919000267982484,0.9919000267982484,0.992799997329712,0.9908599853515624,0.9918500185012816,0.0
2022-10-04 01:00:00+02:00,0.9927300214767456,0.9927300214767456,0.9929400086402892,0.9912999868392944,0.9919599890708924,0.0
2022-10-04 02:30:00+02:00,0.993399977684021,0.993399977684021,0.9938099980354308,0.9921000003814696,0.99277001619339,0.0
2022-10-04 04:00:00+02:00,0.9921500086784364,0.9921500086784364,0.9941999912261964,0.991100013256073,0.9937899708747864,0.0
2022-10-04 05:30:00+02:00,0.9912899732589722,0.9912899732589722,0.9924600124359132,0.9894999861717224,0.9921000003814696,0.0
2022-10-04 07:00:00+02:00,0.9905800223350524,0.9905800223350524,0.9926199913024902,0.989799976348877,0.99125999212265,0.0
2022-10-04 08:30:00+02:00,0.9897199869155884,0.9897199869155884,0.9906399846076964,0.9868999719619752,0.990530014038086,0.0
2022-10-04 10:00:00+02:00,0.9890199899673462,0.9890199899673462,0.99031001329422,0.9861000180244446,0.9897599816322328,0.0
2022-10-04 11:30:00+02:00,0.9878900051116944,0.9878900051116944,0.9895099997520448,0.9865999817848206,0.9890499711036682,0.0
2022-10-04 13:00:00+02:00,0.9879900217056274,0.9879900217056274,0.9894099831581116,0.9865999817848206,0.9879500269889832,0.0
2022-10-04 14:30:00+02:00,0.9857000112533568,0.9857000112533568,0.9885500073432922,0.9848999977111816,0.9879900217056274,0.0
2022-10-04 16:00:00+02:00,0.9797000288963318,0.9797000288963318,0.9859899878501892,0.9789999723434448,0.9859499931335448,0.0
2022-10-04 17:30:00+02:00,0.9797000288963318,0.9797000288963318,0.9812300205230712,0.9781000018119812,0.9797099828720092,0.0
2022-10-04 19:00:00+02:00,0.979889988899231,0.979889988899231,0.9810199737548828,0.979200005531311,0.9800900220870972,0.0
2022-10-04 20:30:00+02:00,0.9789900183677672,0.9789900183677672,0.9803000092506408,0.9782999753952026,0.9799000024795532,0.0
2022-10-04 22:00:00+02:00,0.980139970779419,0.980139970779419,0.9814599752426147,0.9783999919891356,0.9789699912071228,0.0
2022-10-04 23:30:00+02:00,0.9794999957084656,0.9794999957084656,0.9805999994277954,0.9786499738693236,0.980400025844574,0.0
2022-10-05 01:00:00+02:00,0.979200005531311,0.979200005531311,0.979789972305298,0.9778000116348268,0.979740023612976,0.0
2022-10-05 02:30:00+02:00,0.9803000092506408,0.9803000092506408,0.9808300137519836,0.9782000184059144,0.979319989681244,0.0
2022-10-05 04:00:00+02:00,0.9800000190734864,0.9800000190734864,0.9807900190353394,0.979200005531311,0.980459988117218,0.0
2022-10-05 05:30:00+02:00,0.9802799820899964,0.9802799820899964,0.980679988861084,0.979200005531311,0.9800999760627748,0.0
2022-10-05 07:00:00+02:00,0.9803000092506408,0.9803000092506408,0.98157000541687,0.9786999821662904,0.9802200198173524,0.0
2022-10-05 08:30:00+02:00,0.9825999736785888,0.9825999736785888,0.9838299751281738,0.9789999723434448,0.9802299737930298,0.0
2022-10-05 10:00:00+02:00,0.9818000197410583,0.9818000197410583,0.983780026435852,0.9800000190734864,0.9826599955558776,0.0
2022-10-05 11:30:00+02:00,0.9828299880027772,0.9828299880027772,0.984969973564148,0.9812999963760376,0.981909990310669,0.0
2022-10-05 13:00:00+02:00,0.9821299910545348,0.9821299910545348,0.9854999780654908,0.9817000031471252,0.9828199744224548,0.0
2022-10-05 14:30:00+02:00,0.9851700067520142,0.9851700067520142,0.9864500164985656,0.9807000160217284,0.9821299910545348,0.0
2022-10-05 16:00:00+02:00,0.985450029373169,0.985450029373169,0.9889000058174132,0.9843000173568726,0.985260009765625,0.0
2022-10-05 17:30:00+02:00,0.9844099879264832,0.9844099879264832,0.9856600165367126,0.9819999933242798,0.985450029373169,0.0
2022-10-05 19:00:00+02:00,0.982890009880066,0.982890009880066,0.9848600029945374,0.9818999767303468,0.9844300150871276,0.0
2022-10-05 20:30:00+02:00,0.9833099842071532,0.9833099842071532,0.9836000204086304,0.9811000227928162,0.982890009880066,0.0
2022-10-05 22:00:00+02:00,0.9825900197029114,0.9825900197029114,0.9836999773979188,0.9822099804878236,0.9832000136375428,0.0
2022-10-05 23:30:00+02:00,0.9825999736785888,0.9825999736785888,0.9833999872207642,0.9814800024032592,0.9829099774360656,0.0
2022-10-06 01:00:00+02:00,0.9803900122642516,0.9803900122642516,0.982860028743744,0.979300022125244,0.9826800227165222,0.0
2022-10-06 02:30:00+02:00,0.9816399812698364,0.9816399812698364,0.9822199940681458,0.97979998588562,0.9803900122642516,0.0
2022-10-06 04:00:00+02:00,0.9797000288963318,0.9797000288963318,0.981939971446991,0.9793999791145324,0.98157000541687,0.0
2022-10-06 05:30:00+02:00,0.9805799722671508,0.9805799722671508,0.9815300107002258,0.9793999791145324,0.979990005493164,0.0
2022-10-06 07:00:00+02:00,0.9800800085067748,0.9800800085067748,0.981220006942749,0.9796000123023988,0.9805899858474731,0.0
2022-10-06 08:30:00+02:00,0.9796000123023988,0.9796000123023988,0.9803299903869628,0.9776999950408936,0.9801099896430968,0.0
2022-10-06 10:00:00+02:00,0.9818699955940248,0.9818699955940248,0.9826099872589112,0.9787999987602234,0.9797300100326538,0.0
2022-10-06 11:30:00+02:00,0.9834200143814088,0.9834200143814088,0.9845399856567384,0.9811000227928162,0.9818000197410583,0.0
2022-10-06 13:00:00+02:00,0.984749972820282,0.984749972820282,0.9850999712944032,0.982699990272522,0.9833999872207642,0.0
2022-10-06 14:30:00+02:00,0.9880599975585938,0.9880599975585938,0.9888200163841248,0.9829999804496764,0.984749972820282,0.0
2022-10-06 16:00:00+02:00,0.9879699945449828,0.9879699945449828,0.9908300042152404,0.987600028514862,0.9880300164222716,0.0
2022-10-06 17:30:00+02:00,0.9898499846458436,0.9898499846458436,0.9913700222969056,0.9872000217437744,0.9879900217056274,0.0
2022-10-06 19:00:00+02:00,0.9899700284004213,0.9899700284004213,0.9903299808502196,0.9882000088691713,0.989870011806488,0.0
2022-10-06 20:30:00+02:00,0.9904999732971193,0.9904999732971193,0.9912700057029724,0.9890999794006348,0.9899600148200988,0.0
2022-10-06 22:00:00+02:00,0.9886699914932252,0.9886699914932252,0.9907299876213074,0.9885200262069702,0.9905099868774414,0.0
2022-10-06 23:30:00+02:00,0.9902200102806092,0.9902200102806092,0.9904999732971193,0.987309992313385,0.9887999892234802,0.0
2022-10-07 01:00:00+02:00,0.9899899959564208,0.9899899959564208,0.9906799793243408,0.9890000224113464,0.9902200102806092,0.0
2022-10-07 02:30:00+02:00,0.9903299808502196,0.9903299808502196,0.9908999800682068,0.989300012588501,0.9897000193595886,0.0
2022-10-07 04:00:00+02:00,0.989650011062622,0.989650011062622,0.9906799793243408,0.9886999726295472,0.990369975566864,0.0
2022-10-07 05:30:00+02:00,0.9900699853897096,0.9900699853897096,0.9901099801063538,0.9886999726295472,0.989679992198944,0.0
2022-10-07 07:00:00+02:00,0.9910100102424622,0.9910100102424622,0.991129994392395,0.9886000156402588,0.9900699853897096,0.0
2022-10-07 08:30:00+02:00,0.98989999294281,0.98989999294281,0.9913600087165833,0.9882000088691713,0.9910600185394288,0.0
2022-10-07 10:00:00+02:00,0.9902499914169312,0.9902499914169312,0.9911500215530396,0.987500011920929,0.9899500012397766,0.0
2022-10-07 11:30:00+02:00,0.9907000064849854,0.9907000064849854,0.991249978542328,0.9889000058174132,0.9902600049972534,0.0
2022-10-07 13:00:00+02:00,0.9908999800682068,0.9908999800682068,0.9914600253105164,0.989400029182434,0.9907000064849854,0.0
2022-10-07 14:30:00+02:00,0.9936299920082092,0.9936299920082092,0.9953500032424928,0.9897500276565552,0.9904999732971193,0.0
2022-10-07 16:00:00+02:00,0.9917100071907043,0.9917100071907043,0.9944000244140624,0.991100013256073,0.993619978427887,0.0
2022-10-07 17:30:00+02:00,0.9930999875068665,0.9930999875068665,0.9938499927520752,0.9908000230789183,0.991729974746704,0.0
2022-10-07 19:00:00+02:00,0.9943299889564514,0.9943299889564514,0.9943699836730956,0.9926999807357788,0.9932299852371216,0.0
2022-10-07 20:30:00+02:00,0.9946900010108948,0.9946900010108948,0.9950299859046936,0.9940000176429749,0.994350016117096,0.0
2022-10-07 22:00:00+02:00,0.993499994277954,0.993499994277954,0.9950199723243712,0.9928900003433228,0.9946799874305724,0.0
2022-10-10 01:00:00+02:00,0.9947999715805054,0.9947999715805054,0.9951000213623048,0.9937999844551086,0.9947999715805054,0.0
2022-10-10 02:30:00+02:00,0.9933099746704102,0.9933099746704102,0.995039999485016,0.9926999807357788,0.9948700070381165,0.0
2022-10-10 04:00:00+02:00,0.993910014629364,0.993910014629364,0.9944300055503844,0.9926000237464904,0.9933500289916992,0.0
2022-10-10 05:30:00+02:00,0.9940800070762634,0.9940800070762634,0.9945499897003174,0.9932000041007996,0.9937999844551086,0.0
2022-10-10 07:00:00+02:00,0.9944000244140624,0.9944000244140624,0.9946900010108948,0.9932000041007996,0.99413001537323,0.0
2022-10-10 08:30:00+02:00,0.997409999370575,0.997409999370575,0.9978600144386292,0.993399977684021,0.9943900108337402,0.0
2022-10-10 10:00:00+02:00,0.9980999827384948,0.9980999827384948,0.999119997024536,0.9962999820709229,0.9974200129508972,0.0
2022-10-10 11:30:00+02:00,0.9988999962806702,0.9988999962806702,0.999090015888214,0.9965999722480774,0.9981200098991394,0.0
2022-10-10 13:00:00+02:00,0.9977499842643738,0.9977499842643738,0.9994400143623352,0.9969000220298768,0.998960018157959,0.0
2022-10-10 14:30:00+02:00,0.9997400045394896,0.9997400045394896,0.9998800158500672,0.996999979019165,0.9977499842643738,0.0
2022-10-10 16:00:00+02:00,0.9999399781227112,0.9999399781227112,1.0003399848937988,0.9976000189781188,0.9997100234031676,0.0
2022-10-10 17:30:00+02:00,1.000380039215088,1.000380039215088,1.000540018081665,0.9990000128746032,0.9999499917030334,0.0
2022-10-10 19:00:00+02:00,0.9992200136184692,0.9992200136184692,1.0010600090026855,0.9986000061035156,1.000440001487732,0.0
2022-10-10 20:30:00+02:00,0.9999799728393556,0.9999799728393556,1.0001100301742554,0.9984999895095824,0.9995099902153016,0.0
2022-10-10 22:00:00+02:00,0.999090015888214,0.999090015888214,1.0001499652862549,0.9983999729156494,0.999970018863678,0.0
2022-10-10 23:30:00+02:00,0.9993500113487244,0.9993500113487244,1.0,0.9985600113868712,0.998860001564026,0.0
2022-10-11 01:00:00+02:00,0.9987199902534484,0.9987199902534484,1.000309944152832,0.9984999895095824,0.9994199872016908,0.0
2022-10-11 02:30:00+02:00,1.000100016593933,1.000100016593933,1.000880002975464,0.9980000257492064,0.9987800121307372,0.0
2022-10-11 04:00:00+02:00,1.0010199546813965,1.0010199546813965,1.0013999938964844,0.9995999932289124,1.0004099607467651,0.0
2022-10-11 05:30:00+02:00,1.0018600225448608,1.0018600225448608,1.0021100044250488,1.000100016593933,1.001039981842041,0.0
2022-10-11 07:00:00+02:00,1.0013999938964844,1.0013999938964844,1.002060055732727,1.0,1.0018800497055054,0.0
2022-10-11 08:30:00+02:00,1.0006999969482422,1.0006999969482422,1.0016599893569946,0.9980000257492064,1.0016100406646729,0.0
2022-10-11 10:00:00+02:00,0.9991000294685364,0.9991000294685364,1.0009700059890747,0.9977999925613404,1.0006999969482422,0.0
2022-10-11 11:30:00+02:00,0.99686998128891,0.99686998128891,0.999809980392456,0.9962999820709229,0.9990800023078918,0.0
2022-10-11 13:00:00+02:00,0.9957799911499025,0.9957799911499025,0.9972599744796752,0.9941999912261964,0.996840000152588,0.0
2022-10-11 14:30:00+02:00,0.9979000091552734,0.9979000091552734,0.9991000294685364,0.994700014591217,0.9957900047302246,0.0
2022-10-11 16:00:00+02:00,0.9969000220298768,0.9969000220298768,0.9988399744033812,0.9955000281333924,0.9982200264930724,0.0
2022-10-11 17:30:00+02:00,0.9921000003814696,0.9921000003814696,0.9973000288009644,0.991100013256073,0.9972500205039978,0.0
2022-10-11 19:00:00+02:00,0.9939500093460084,0.9939500093460084,0.9940999746322632,0.9914000034332277,0.9921200275421144,0.0
2022-10-11 20:30:00+02:00,0.9965299963951112,0.9965299963951112,0.9979199767112732,0.9933000206947328,0.993939995765686,0.0
2022-10-11 22:00:00+02:00,0.9972000122070312,0.9972000122070312,0.9976300001144408,0.9955999851226808,0.9965400099754332,0.0
2022-10-11 23:30:00+02:00,0.9965000152587892,0.9965000152587892,0.9976000189781188,0.9953200221061708,0.9964399933815002,0.0
2022-10-12 01:00:00+02:00,0.9978100061416626,0.9978100061416626,0.9984300136566162,0.996399998664856,0.9967399835586548,0.0
2022-10-12 02:30:00+02:00,0.9979900121688844,0.9979900121688844,0.9984999895095824,0.9961000084877014,0.9978200197219848,0.0
2022-10-12 04:00:00+02:00,0.9975000023841858,0.9975000023841858,0.998870015144348,0.9969000220298768,0.9979900121688844,0.0
2022-10-12 05:30:00+02:00,0.9964799880981444,0.9964799880981444,0.998009979724884,0.9948999881744384,0.9975799918174744,0.0
2022-10-12 07:00:00+02:00,0.9947999715805054,0.9947999715805054,0.996999979019165,0.9943000078201294,0.9965000152587892,0.0
2022-10-12 08:30:00+02:00,0.993969976902008,0.993969976902008,0.9968299865722656,0.9933000206947328,0.9947299957275392,0.0
2022-10-12 10:00:00+02:00,0.9948999881744384,0.9948999881744384,0.9962700009346008,0.9925000071525574,0.993969976902008,0.0
2022-10-12 11:30:00+02:00,0.9951000213623048,0.9951000213623048,0.9962499737739564,0.9944999814033508,0.995270013809204,0.0
2022-10-12 13:00:00+02:00,0.9954000115394592,0.9954000115394592,0.9962300062179564,0.9939000010490416,0.9950000047683716,0.0
2022-10-12 14:30:00+02:00,0.9972100257873536,0.9972100257873536,0.9972100257873536,0.9943000078201294,0.9953799843788148,0.0
2022-10-12 16:00:00+02:00,0.9978700280189514,0.9978700280189514,1.0004600286483765,0.9958999752998352,0.9972100257873536,0.0
2022-10-12 17:30:00+02:00,0.9986799955368042,0.9986799955368042,0.9992700219154358,0.9965999722480774,0.9978200197219848,0.0
2022-10-12 19:00:00+02:00,0.996749997138977,0.996749997138977,0.9991300106048584,0.9954000115394592,0.9986600279808044,0.0
2022-10-12 20:30:00+02:00,0.9977399706840516,0.9977399706840516,0.9986000061035156,0.9961000084877014,0.996720016002655,0.0
2022-10-12 22:00:00+02:00,0.9980000257492064,0.9980000257492064,0.9984999895095824,0.9969300031661988,0.9977099895477296,0.0
2022-10-12 23:30:00+02:00,0.9969499707221984,0.9969499707221984,0.9979000091552734,0.9958000183105468,0.9968500137329102,0.0
2022-10-13 01:00:00+02:00,0.9971699714660645,0.9971699714660645,0.9981499910354614,0.9965699911117554,0.9972000122070312,0.0
2022-10-13 02:30:00+02:00,0.997510015964508,0.997510015964508,0.9980499744415284,0.9958999752998352,0.9971699714660645,0.0
2022-10-13 04:00:00+02:00,0.9979100227355956,0.9979100227355956,0.9982500076293944,0.9969000220298768,0.9975200295448304,0.0
2022-10-13 05:30:00+02:00,0.99753999710083,0.99753999710083,0.9983000159263612,0.996999979019165,0.9978799819946288,0.0
2022-10-13 07:00:00+02:00,0.9981399774551392,0.9981399774551392,0.998199999332428,0.9966999888420104,0.9975900053977966,0.0
2022-10-13 08:30:00+02:00,0.9992200136184692,0.9992200136184692,1.0002399682998655,0.997099995613098,0.9980999827384948,0.0
2022-10-13 10:00:00+02:00,0.9970800280570984,0.9970800280570984,1.0004099607467651,0.9966999888420104,0.9991000294685364,0.0
2022-10-13 11:30:00+02:00,0.9983999729156494,0.9983999729156494,0.9993299841880798,0.996399998664856,0.9970200061798096,0.0
2022-10-13 13:00:00+02:00,0.9994800090789796,0.9994800090789796,1.0002199411392212,0.9955999851226808,0.9986900091171264,0.0
2022-10-13 14:30:00+02:00,1.0038000345230105,1.0038000345230105,1.007390022277832,0.9983699917793274,0.9991999864578248,0.0
2022-10-13 16:00:00+02:00,1.0004500150680542,1.0004500150680542,1.0059599876403809,0.9988999962806702,1.003849983215332,0.0
2022-10-13 17:30:00+02:00,0.9999200105667114,0.9999200105667114,1.0007100105285645,0.9965000152587892,1.0004600286483765,0.0
2022-10-13 19:00:00+02:00,0.9992700219154358,0.9992700219154358,1.0002299547195437,0.9965999722480774,0.9999300241470336,0.0
2022-10-13 20:30:00+02:00,0.9997400045394896,0.9997400045394896,0.9998300075531006,0.9977999925613404,0.9992799758911132,0.0
2022-10-13 22:00:00+02:00,1.0008000135421753,1.0008000135421753,1.0015000104904177,0.9988800287246704,0.999750018119812,0.0
2022-10-13 23:30:00+02:00,1.0010000467300415,1.0010000467300415,1.0017499923706057,0.9987499713897704,1.0003999471664429,0.0
2022-10-14 01:00:00+02:00,1.001520037651062,1.001520037651062,1.001960039138794,1.000300049781799,1.0010199546813965,0.0
2022-10-14 02:30:00+02:00,0.9980999827384948,0.9980999827384948,1.0018600225448608,0.9976000189781188,1.0014599561691284,0.0
2022-10-14 04:00:00+02:00,0.998870015144348,0.998870015144348,0.999339997768402,0.9979000091552734,0.9984599947929382,0.0
2022-10-14 05:30:00+02:00,0.9992499947547911,0.9992499947547911,0.9995200037956238,0.9976999759674072,0.9989299774169922,0.0
2022-10-14 07:00:00+02:00,0.9967899918556212,0.9967899918556212,0.9995700120925904,0.9962999820709229,0.999239981174469,0.0
2022-10-14 08:30:00+02:00,0.9977999925613404,0.9977999925613404,0.9997100234031676,0.9958999752998352,0.9967799782752992,0.0
2022-10-14 10:00:00+02:00,1.0027999877929688,1.0027999877929688,1.0037000179290771,0.9976000189781188,0.9977999925613404,0.0
2022-10-14 11:30:00+02:00,1.002750039100647,1.002750039100647,1.0038000345230105,0.9995999932289124,1.003600001335144,0.0
2022-10-14 13:00:00+02:00,1.0037800073623655,1.0037800073623655,1.0047199726104736,1.0011999607086182,1.0027400255203247,0.0
2022-10-14 14:30:00+02:00,1.0035500526428225,1.0035500526428225,1.0043699741363523,0.9977999925613404,1.003499984741211,0.0
2022-10-14 16:00:00+02:00,1.0034300088882446,1.0034300088882446,1.0059200525283811,1.0017999410629272,1.003440022468567,0.0
2022-10-14 17:30:00+02:00,1.0056400299072266,1.0056400299072266,1.005929946899414,1.003100037574768,1.003469944000244,0.0
2022-10-14 19:00:00+02:00,1.0059000253677368,1.0059000253677368,1.0066100358963013,1.0046000480651855,1.0054999589920044,0.0
2022-10-14 20:30:00+02:00,1.0058200359344482,1.0058200359344482,1.0061800479888916,1.0047999620437622,1.0059000253677368,0.0
2022-10-14 21:14:25+02:00,1.0057899951934814,1.0057899951934814,1.0057899951934814,1.0057899951934814,1.0057899951934814,0.0
